{
  "posts": [
    {
      "id": 1,
      "empId": "46222032",
      "practice_name": "CLOUD",
      "sub_practice_name": "GP-CLOUD",
      "full_name": "Rutuja  Kulkarni",
      "email": "rutuja@gmail.com",
      "location": "Pune",
      "grade": "B",
      "primary_skill": "Angular"
    },
    {
      "id": 2,
      "empId": 4356786,
      "practice_name": "DIGITAL",
      "sub_practice_name": "GP-DIGITAL",
      "full_name": "Sanjeev Kumar",
      "email": "sanjeev@gmail.com",
      "location": "Noida",
      "grade": "A5",
      "primary_skill": "Java"
    },
    {
      "id": 4,
      "empId": 46767567,
      "practice_name": "DIGITAL",
      "sub_practice_name": "GP-DIGITAL",
      "full_name": "Sonali Datey",
      "email": "sonali34@gmail.com",
      "location": "new delhi",
      "grade": "A5",
      "primary_skill": "Dot Net,C#"
    },
    {
      "empId": 45647957,
      "practice_name": "CLOUD",
      "sub_practice_name": "GP-CLOUD",
      "full_name": "Renuka Naik",
      "email": "renuka45@gmail.com",
      "location": "Noida",
      "grade": "B",
      "primary_skill": "Python",
      "id": 5
    },
    {
      "id": 6,
      "empId": 45678767,
      "practice_name": "DIGITAL",
      "sub_practice_name": "GP-DIGITAL",
      "full_name": "Manas Kumar",
      "email": "manas34@gmail.com",
      "location": "Mumbai",
      "grade": "B",
      "primary_skill": "Angular, C#, Java"
    },
    {
      "empId": 45676567,
      "practice_name": "CLOUD",
      "sub_practice_name": "GP-CLOUD",
      "full_name": "Ram Kumar",
      "email": "ram77@gmail.com",
      "location": "new delhi",
      "grade": "A5",
      "primary_skill": "Dot Net",
      "id": 7
    }
  ]
}